Output,Consumption,Investment,Government,Capital,Hours,Wages,Return,TFP
0,-0.576062776949545,-1.41429972483677,-1.63579700347522,2.35086852100021,-0.0140532105028527,-0.423319624326119,1.9258812293279,-0.0455445243184223
0.0147883076492008,-0.574993015743048,-1.38161378956119,-1.60436822923932,2.35332039494732,-0.00879209100386207,-0.414294664888767,1.94836393671852,-0.0350193055701388
0.0189349126915216,-0.575050089253738,-1.39156780908356,-1.57140288810245,2.35735703734656,-0.00789536950776574,-0.411102045851027,1.94856221857025,-0.0329185633447546
0.0184978322816345,-0.571805970575102,-1.40218637795499,-1.56970511814871,2.36143167870013,-0.00974991307008786,-0.409505230485109,1.94038440207015,-0.0336400462380276
0.0030403680891691,-0.566308048758444,-1.45839777165031,-1.59544065184656,2.36665916655257,-0.0183371796775577,-0.415374348810747,1.90255781495048,-0.0455306788741322
-0.00194260814691423,-0.555336246791076,-1.44631257928608,-1.66736807865661,2.36968946641615,-0.0237601903515259,-0.414221587047805,1.88787553638169,-0.0481130903395486
0.00671060815308617,-0.554016205257601,-1.46213314238331,-1.60766719767426,2.37136933471633,-0.0195354493077671,-0.410281153377627,1.90086402505394,-0.0428698702560182
-0.00326864843134768,-0.539116382034278,-1.43437542489258,-1.74177487797605,2.37491947601246,-0.0287202325819251,-0.409797254036066,1.87606152396766,-0.0481656145806095
0.0337474932970875,-0.540512147346926,-1.36012776723988,-1.63349734258526,2.37361729867876,-0.0120094959683812,-0.3917380064957,1.94594768749131,-0.021439143197615
0.0622120088421918,-0.535440435008146,-1.26905023401015,-1.62111549285277,2.37580624207257,-0.0022653108614423,-0.373887047758845,1.99252547497432,-1.3438854474572e-05
0.0985236824436977,-0.526501087072675,-1.1296187670515,-1.66222678035553,2.3805936152914,0.00797245727874349,-0.348214893388736,2.04737484149751,0.0279352278687286
0.115896495992433,-0.548459573785478,-1.17920199158937,-1.43751880642641,2.39028000744808,0.0183696143345461,-0.341430489974067,2.06113315432701,0.0352255542722478
0.127766253724959,-0.55877867922008,-1.14348948192829,-1.40374459391413,2.39846463748227,0.0204356354161444,-0.331542038402083,2.06788334643852,0.0429143620517689
0.143226287013176,-0.583811772086944,-1.18363651771966,-1.23766976327814,2.40748824967791,0.0295299060439471,-0.325145137772429,2.07948213445667,0.0493873615774382
0.161798195317899,-0.591430956658279,-1.14828914398807,-1.18774064645554,2.41530767335462,0.0356430022944838,-0.312358842607683,2.09832075612778,0.061247634036829
0.162102215293503,-0.590038567504667,-1.14517020773472,-1.19235793875661,2.42367602868197,0.0319699236070537,-0.308454793851693,2.08501581671464,0.06106870991229
0.17073583677298,-0.584641478266918,-1.1328529494792,-1.18169364237445,2.43202557624008,0.0325498282818046,-0.300276370888881,2.08600132283695,0.0664286742001868
0.170772900267355,-0.572355608026225,-1.11157993483713,-1.22762435287418,2.44035452830478,0.0270753792796802,-0.294817122773721,2.0720788966596,0.0671314590188477
0.175713179946308,-0.573344257403533,-1.14989537909143,-1.16542905220954,2.44912161200576,0.0285900753965876,-0.291400462369764,2.06586876629176,0.0680932912836733
0.205718245931257,-0.559166123066942,-1.0658500001592,-1.16383422583038,2.45723613753124,0.0375133274333003,-0.269550878106184,2.10447108185459,0.0893302956192732
0.22169560517166,-0.546939562812713,-1.03683200165337,-1.15550986210646,2.46732129680171,0.0406339427438917,-0.256248020702666,2.11545928861939,0.0997036801084698
0.226804295097933,-0.536588996063047,-1.04282679500529,-1.14763039288238,2.47749875264161,0.0393278428558692,-0.249823490003365,2.10749572136338,0.102152055713311
0.218529671666683,-0.525113685207168,-1.07198163035711,-1.16980218208851,2.48662002755103,0.0315092813260236,-0.250781607390461,2.07750858546326,0.0958713611972211
0.200577142276313,-0.513460340623789,-1.12173897436915,-1.21074992141682,2.49459454755282,0.0194337434629738,-0.257236348522671,2.03120696865884,0.0830543822268082
0.192991596008641,-0.501966906187026,-1.15016734473585,-1.23460394788166,2.5014652317822,0.0128006251971343,-0.258342667459853,2.0048169756897,0.0773723620649856
0.19127004005999,-0.488777528485045,-1.14899568808124,-1.27133961603197,2.50752752107704,0.00823178419460579,-0.255517504094602,1.99043016576465,0.0764708045162607
0.199586838851011,-0.47894820625282,-1.13425397963235,-1.2736742793893,2.5134707062725,0.00911198554782344,-0.248055019648226,1.9949246862492,0.0821145498283195
0.216015563827791,-0.471248442491972,-1.10485216521703,-1.25302521016472,2.519732964954,0.0140262030878488,-0.236421322341706,2.01391278613299,0.0931288013097853
0.241156077298454,-0.463336231535466,-1.05849326815031,-1.21550438407598,2.52699301184469,0.0228924262741024,-0.219727074398038,2.04699437139645,0.109891404697108
0.254310475427339,-0.452505080380512,-1.02551330661564,-1.22102760878946,2.53514308813031,0.024795450962389,-0.208251239251466,2.05647213080084,0.118879707276045
0.264684192544821,-0.444013692910196,-1.01210975069229,-1.21028806414782,2.54391809500089,0.0260853512425626,-0.199000616294919,2.0598216613223,0.125296339274503
0.267578202709649,-0.437182157855795,-1.01719322377428,-1.20619668776317,2.55249065844225,0.0240677113246744,-0.194171520798356,2.04981309325108,0.126497934190959
0.260537959884019,-0.432892146815704,-1.04833765132657,-1.20906047663826,2.56029202609622,0.0179383142225356,-0.19543405727646,2.02252106377878,0.120748914678171
0.265670777668564,-0.42784002336029,-1.04784221015621,-1.19833463787921,2.56751338809235,0.0175232196889193,-0.189882560526604,2.01878911507536,0.123597943143487
0.261582368764421,-0.423496723253621,-1.06459846141868,-1.20609402703535,2.57426356090853,0.0127081149935892,-0.189360618702518,1.99839623167076,0.120265485338284
0.274699645133363,-0.419344622317385,-1.04572852579233,-1.18018454541515,2.58093434623323,0.0163318188105427,-0.179683911943433,2.01077503677347,0.128649296548872
0.277873131840382,-0.416881845820659,-1.05705454463073,-1.15918395298489,2.58760807393463,0.0157432511459554,-0.175953079065511,2.00424143274993,0.129854880808007
0.27244129259573,-0.412766108559293,-1.08030754036914,-1.16520667005744,2.59356404138731,0.0107459098599233,-0.176597301958954,1.98244361325063,0.125566353432336
0.278895224447643,-0.406133843209363,-1.0725682309677,-1.16053298118401,2.59911867673424,0.0112089431591829,-0.170578409867725,1.98421943532886,0.129743448293696
0.265218797052911,-0.39810314646591,-1.09823517846193,-1.20843480517881,2.60434884050637,0.00142624687465309,-0.174700164714412,1.94733847756161,0.120537669246015
0.235534841495578,-0.397464685791359,-1.1936485285005,-1.23632220010385,2.6094082678849,-0.0135604673266186,-0.189160903370925,1.87765594598819,0.0986425354894599
0.238750936101486,-0.398622317169117,-1.1985181075316,-1.21477352582338,2.61189052108721,-0.0127877001422507,-0.186710002203878,1.8792941324822,0.100475710969566
0.258200573978306,-0.401209333351371,-1.16686754183601,-1.15916553689811,2.6138943642376,-0.00406923952212578,-0.17619812456266,1.9145583220834,0.113652443140708
0.277861053463432,-0.399376721023787,-1.12442013338144,-1.12477973984714,2.61679090793496,0.00370468320991827,-0.164340133048974,1.94772692914887,0.12730663927173
0.293446767775788,-0.389226374988681,-1.06479877005251,-1.14361898225643,2.62076113569791,0.00724790799900993,-0.152222773441702,1.97034895214084,0.139191106988608
0.312252674460037,-0.380924312911521,-1.02721084431736,-1.12311125900974,2.62628632930997,0.0134309354449945,-0.139382977351052,1.99595100162305,0.152013427492999
0.309432509496447,-0.3709230526491,-1.02355036327882,-1.16079328676311,2.6321230578667,0.00822123969404617,-0.137146811264505,1.97935967643137,0.150490099027936
0.308763738148293,-0.367377696008691,-1.04335461742647,-1.14910079490225,2.63798890532711,0.00600813610657076,-0.135665457282693,1.96671977108122,0.149182415141955
0.327485746075745,-0.364442225265902,-1.02210834868748,-1.09944514910597,2.64364279452178,0.013322765529251,-0.124020243541767,1.99205418061777,0.161156231842612
0.318505692623775,-0.35632999247387,-1.02718872132505,-1.14942804697658,2.6490272772772,0.00514822459369691,-0.125069424645785,1.96422961495607,0.15555274246987
0.319834498280133,-0.356861143232043,-1.06052491165957,-1.10637374843435,2.65442102058982,0.00525518370551155,-0.123862284903699,1.9562803384822,0.154910804147671
0.3033240106079,-0.350936012425236,-1.08425352822912,-1.16420639889701,2.65882136758286,-0.00582723277315218,-0.129334810851617,1.91479694348193,0.143968254810126
0.30642042982429,-0.352876569800721,-1.10117574112279,-1.12883595251515,2.66265046982551,-0.00494277359187569,-0.127116680905942,1.91334973954943,0.145128795366679
0.319622929804559,-0.352835168627714,-1.07145873748959,-1.10440788302573,2.66595937674702,-0.000413636474980429,-0.118468983750703,1.93310009726145,0.154257112788893
0.335005995905235,-0.354334045459901,-1.05044365619343,-1.05979832946231,2.66998468639516,0.00571855599126433,-0.10916500535859,1.95549001395326,0.164267478867859
0.350774381599023,-0.350540322012852,-1.00751531138654,-1.04772613871147,2.67454014947621,0.0104237921967846,-0.0979679548844554,1.97734600883512,0.17537271127728
0.364766649587104,-0.347843415078505,-0.989789011443715,-1.01524581784608,2.68009945980426,0.0151496311622013,-0.088513245831569,1.99367097233111,0.184329465988684
0.370046233966978,-0.339676416536311,-0.968192145799629,-1.03273497696339,2.68572937939215,0.0140206338428587,-0.0821142354882827,1.99304782639558,0.18832127066634
0.378545759438562,-0.334539227393706,-0.964317294198385,-1.01266820813907,2.6918787988153,0.015842225601975,-0.0753421842397701,1.99765056942088,0.193455936843769
0.37803003819443,-0.326426223361223,-0.961012589107791,-1.03450064759379,2.69766073906462,0.0121635943473706,-0.0723219979107203,1.98553817421776,0.193261815506311
0.385138377119671,-0.321846031373224,-0.961793732277814,-1.01390019098203,2.70363642089587,0.0135012395398142,-0.0664913385576157,1.98779244902009,0.197384033039923
0.392502428081918,-0.314137780471672,-0.942547658951633,-1.01990510299458,2.70945604434656,0.0137371737278786,-0.0593206913753421,1.99084247408943,0.202508620854624
0.410446742808035,-0.307461819061397,-0.912699820678965,-0.9922510146626,2.71609661554969,0.0196061700260764,-0.0468743451646177,2.01276750577035,0.214253470111183
0.413178710458262,-0.300629095272463,-0.913712932445064,-0.993629841949906,2.72267510071057,0.0179403476091361,-0.0425585463497745,2.00548126346442,0.21572644371991
0.430217473958896,-0.290693736360153,-0.877369449913352,-0.983574970620276,2.72980956461199,0.0225206707956123,-0.0297081209031567,2.02470059823811,0.227191411705751
0.437262966327141,-0.280974053119697,-0.864530730532601,-0.988415004988633,2.73720144248107,0.0222224723546213,-0.022324312534617,2.02424187134242,0.231767649719903
0.448963451178772,-0.271351678519923,-0.844811399213945,-0.981627792690467,2.74505087530344,0.0242397421835964,-0.012402784672745,2.03188253153187,0.23931052762306
0.448262290223903,-0.264340530357932,-0.857191848562147,-0.984769916209534,2.75241909722336,0.0208048004442008,-0.00992821707417552,2.0165169147926,0.238235392481238
0.468427282613426,-0.254094949138067,-0.816053851495184,-0.96840388591826,2.76068764498002,0.0266203480942165,0.005034747192871,2.03975969670139,0.251565179736867
0.477183651360273,-0.245436199486368,-0.801964517021322,-0.965693543666389,2.76909045426507,0.0269924148332106,0.0135396347141263,2.04076384287766,0.257030197810669
0.495423877125298,-0.237023535779277,-0.773289442918737,-0.939742277511098,2.77849958081467,0.0320963586983035,0.0273348708374589,2.05816321472276,0.268481416536735
0.5144463464723,-0.226563437925369,-0.73349487545835,-0.92832368597906,2.7886867765137,0.0365785190350466,0.0426036715732627,2.07561283850026,0.280768702277222
0.534759226304999,-0.218490916221695,-0.704854477240929,-0.893732299258244,2.80004451564805,0.042371060447445,0.0580864746636619,2.09340009425972,0.293079860861891
0.534352066912723,-0.214092082603585,-0.71789119199964,-0.88846051844641,2.80961160334371,0.0384351504364416,0.0611345859526947,2.07495451006148,0.291854695144695
0.53895242954053,-0.209826621452181,-0.719486882466877,-0.875908942800333,2.81908764030975,0.0370091540285382,0.067048553802701,2.066055029528,0.293973398293839
0.543309499360949,-0.208607381887836,-0.734427300572512,-0.843501861502326,2.82821685480638,0.0366186083477432,0.0717606290891594,2.05719999837377,0.295350972050776
0.548196382509647,-0.205945816468667,-0.74768994845246,-0.814651687778629,2.83672288795935,0.0365892378230916,0.0766869120692896,2.05044842302974,0.297234916402565
0.544847832003967,-0.195332693504233,-0.740784374962399,-0.855559776290399,2.84372115304098,0.0299958595534685,0.0791757940906572,2.03007850089502,0.29560491598039
0.550226946422992,-0.188705465761218,-0.74669300581535,-0.840059558826184,2.85167096119983,0.0297707548398866,0.0847837677311443,2.0251561073854,0.298265938155618
0.5535831852857,-0.180841764865763,-0.747304688563112,-0.841030503212311,2.8590268708255,0.0280489123333392,0.0896924173986966,2.01725275533071,0.300072042241612
0.569577754248217,-0.169639839977167,-0.714547336644305,-0.834392272861213,2.86756494791734,0.0317183000679483,0.102615181661769,2.03261343833593,0.310469277351971
0.581844231055535,-0.161387109893696,-0.707526246397392,-0.808533707833409,2.87640714368203,0.0347211394450731,0.112362106190126,2.03984773180724,0.317537572645142
0.585186820224831,-0.149300751385797,-0.696096256469415,-0.831286458551532,2.88413903095856,0.0317819666880244,0.118335990542255,2.0312105031421,0.31991636067162
0.584605383036181,-0.140251738341939,-0.705357623681435,-0.84115664001836,2.89150965825951,0.0279651278356939,0.121089025769121,2.0151401863947,0.319150082312021
0.595542116257718,-0.130908569460362,-0.693610891482582,-0.827941303497192,2.89979608414143,0.029929908177798,0.13039900039528,2.02082385833723,0.325741691888537
0.593860186524631,-0.123501570165188,-0.705511460364331,-0.836349345382083,2.90667125563034,0.0258467142432481,0.13226709275286,2.00324159173623,0.324238050364254
0.595594066264239,-0.117340040393481,-0.717382299029609,-0.828285626526488,2.91345730378935,0.0241024001812448,0.135523358548818,1.99276866141987,0.324669351984954
0.585766964140628,-0.111538751484515,-0.744690834042331,-0.85090011158648,2.9185055745967,0.0165122237390546,0.132347781453671,1.96118636869246,0.317994673781907
0.5792064865072,-0.106812377177152,-0.768772096220883,-0.861931528449167,2.92318681263075,0.01107206928774,0.130625457642844,1.93687252359311,0.31331541661101
0.575512796169108,-0.103989968718604,-0.79412987083099,-0.856058213984927,2.92749495164624,0.00781906668314379,0.129849594809082,1.91933936753652,0.310233355680322
0.579456023405111,-0.0988388202741787,-0.791960910272658,-0.852793284445335,2.93177835813235,0.00769230738686392,0.133905888541475,1.91859447097317,0.312746035257596
0.563343410189671,-0.0950693501508432,-0.829233630936386,-0.889546440672516,2.93443800658643,-0.00214957109348719,0.126835821647231,1.87680498997102,0.302075081070432
0.584739069430784,-0.09110880634381,-0.801954400160713,-0.836665069388237,2.93908355636783,0.00729037434716819,0.139535870503864,1.9141808018958,0.315772483357136
0.58465149640635,-0.0832804147433098,-0.795699857377443,-0.860366250380034,2.94257583589896,0.00452074916834805,0.141980839700509,1.90629899232994,0.316236497221015
0.587353738507017,-0.076096251297485,-0.797743676280576,-0.862394679220235,2.94636782206431,0.0039254854954195,0.145226692871609,1.90391024687261,0.317998251865381
0.584157092630295,-0.0656284328827595,-0.788830551177756,-0.909752170880501,2.9495829053241,-0.00100330783863031,0.146582355505753,1.88970032194555,0.316833127809487
0.596763319990564,-0.0590754588458877,-0.771608844524921,-0.888368385616752,2.95413002513405,0.00330172341322849,0.155214028814911,1.90760171532927,0.325054468576382
0.613623133393013,-0.0523661359579243,-0.74441556482558,-0.860103134132584,2.95940877766689,0.00945312027841997,0.16647617341382,1.9329825924923,0.336042112349768
0.617471640704716,-0.0446735180516388,-0.736180054352543,-0.869921730572015,2.96411390513417,0.00858617326967787,0.171115907651547,1.93111329298543,0.338757973184499
0.628521934244594,-0.0342921159608839,-0.702296792847849,-0.884060395992969,2.96956611262472,0.0103065823997929,0.180642166068711,1.94326803141315,0.346674127996751
0.647448256561482,-0.0258079282921897,-0.666278830550066,-0.861517165315415,2.97657345701516,0.0164526507296244,0.19413127908006,1.96892184298738,0.359007176478009
0.652760776084051,-0.0221253194015402,-0.673129556448181,-0.837920488192398,2.98295916723659,0.0170349525238597,0.198927169281988,1.9666622179306,0.361655216937739
0.642060727755753,-0.0183129705380585,-0.695496096676697,-0.868185501138751,2.98738292370856,0.0089824644936304,0.19539128476072,1.93392609970432,0.354618761387529
0.646100630181721,-0.0192243977413902,-0.721154295471101,-0.818855461008633,2.9926200621314,0.0105885054482036,0.197960590336842,1.93129487626104,0.35581580175052
0.632103398700643,-0.0167049888130678,-0.755437522721444,-0.847872292254034,2.99553670130549,0.00182776367993546,0.19191366986305,1.89385903697227,0.346488535854483
0.629155698872521,-0.0129480307960037,-0.766601342494157,-0.857311752907015,2.99860875522248,-0.00133793512975098,0.191890664249305,1.88040431135133,0.344530208542828
0.614402122802552,-0.00991255158185167,-0.794427387225593,-0.899987463841388,3.00067719286395,-0.0105057139162661,0.185767278072372,1.84225937161944,0.334976884450114
0.605310544857974,-0.0175168866023356,-0.873058767378146,-0.840456924857536,3.00262919101071,-0.0127288812296086,0.178905934139871,1.81696507798618,0.326694779463935
0.58790877626523,-0.0177137508594365,-0.916724655631266,-0.872390766276555,3.0027920827561,-0.0216433474644818,0.170325268525713,1.77629702210562,0.314978438902255
0.589942082497266,-0.0154410869838298,-0.905348471082134,-0.879945586609349,3.00274695719455,-0.0214385961622249,0.172211603696334,1.78201893801041,0.31703758732908
0.601895574091216,-0.0127719494323015,-0.874144008072058,-0.865008987333829,3.00316542953684,-0.0164131568684587,0.179218833629983,1.80956689133041,0.325794041951034
0.610275985334731,-0.00969259212839124,-0.856626415410617,-0.853332117862706,3.00414323110697,-0.0131345040822449,0.184409646382551,1.82700832636805,0.331848582565069
0.627585267997764,-0.00281351702564636,-0.807534790520169,-0.844119853612004,3.0058313634593,-0.00653253285801087,0.195308971096469,1.86246878098984,0.344438725349281
0.630026894116271,0.00412794629737412,-0.804466454757057,-0.852851095287464,3.0079670893954,-0.00686614489658275,0.198080326374697,1.86334368259101,0.346392092493546
0.630664671635712,0.0131671539348047,-0.80077725021366,-0.875568965105051,3.01005675238354,-0.00845375211821685,0.200258061019675,1.86032478958207,0.34735608853953
0.633104827427188,0.0241573745203365,-0.78435707158671,-0.909849721449202,3.01225903527479,-0.00977191474207036,0.203973277773838,1.86104739218217,0.349905962907224
0.640162388302061,0.0341975709466065,-0.761120107080638,-0.929231716278518,3.01494893513823,-0.00876863399269441,0.210051654273089,1.8708151048339,0.355403796788526
0.654744025841884,0.0418973439690589,-0.732321544778249,-0.913617172917891,3.01844305282703,-0.00361937681486597,0.219679058086957,1.89503846842102,0.365459971014348
0.668011921639109,0.0484274714854037,-0.713991350625443,-0.88903803960182,3.02253914961897,0.00115425527122759,0.228416557455715,1.9147778498255,0.374210789591412
0.663453246151354,0.0569046287720071,-0.717870657765657,-0.928513816058636,3.02604569775406,-0.0037819874948142,0.22854333233719,1.89749455349696,0.371597049352326
0.662157350181821,0.0638952636716609,-0.720475423907486,-0.950703048418974,3.029585625329,-0.00666791474760804,0.230016875966906,1.88708576267787,0.37091754027405
0.695618537502206,0.0722250158063998,-0.647195363748758,-0.900073789146536,3.03485097964476,0.00694208137847311,0.25062481309247,1.9471695801518,0.393675121336029
0.701224094167099,0.0782412636841316,-0.640358341774051,-0.897144675525948,3.0402276916926,0.0071286290258794,0.256062495273183,1.94764998740559,0.397228697810306
0.710272917569836,0.0837903318950138,-0.633051936264346,-0.876645284143551,3.04588915762555,0.00936842731265097,0.263047970928651,1.95474717021918,0.402795201588537
0.707791161461654,0.0907083732755474,-0.639520385583297,-0.898921369572289,3.05077688528267,0.00536403497428117,0.26427035939754,1.93926803793315,0.401162472356093
0.704654834618376,0.0955802889135288,-0.661350151802912,-0.899686582154532,3.05538405287817,0.00208781041266164,0.264186637219647,1.92284346582257,0.398528570017381
0.707923412584049,0.103789530803885,-0.64815126642017,-0.922829199406291,3.05975912132223,0.000667678890691404,0.268790321184044,1.92048604528288,0.401144530035736
0.706380831046691,0.108626123903799,-0.658302601946577,-0.930977232693092,3.06407829360044,-0.0021667321282139,0.269923104312023,1.9079374501592,0.399908558746838
0.705542157859711,0.111290378176043,-0.667404015281053,-0.930932109199222,3.06811463795199,-0.00437176667638328,0.271184337671327,1.89744900212638,0.399075660213975
0.680829082573942,0.10378948074427,-0.784622548602811,-0.891949073765908,3.07106277336539,-0.0143781878891075,0.256283934062669,1.83680107400149,0.379772084737384
0.675847950465875,0.108549633265312,-0.769809971199434,-0.94691028454897,3.07220701469309,-0.019267075306542,0.256177787120779,1.82350302426728,0.377574716978355
0.690604362634543,0.110704766058988,-0.730487123080934,-0.925882931059698,3.07399549671795,-0.0136157149914918,0.265313048228667,1.85259316782314,0.388160085304831
0.706355230639943,0.108356551334081,-0.720708171880174,-0.853929693314206,3.07673429196335,-0.00588488650815072,0.273520496609453,1.88110046449886,0.398037314745878
0.695364297428603,0.110586488450442,-0.738494828365931,-0.89239450529079,3.07889984862438,-0.0130363219539675,0.269565771378656,1.85266531589527,0.390887275076231
0.703774816939897,0.109764696640418,-0.742785604418254,-0.844978790642704,3.08111636884025,-0.00896496922132142,0.273991698353981,1.86636294985681,0.395954814948599
0.68941326113277,0.11218741810054,-0.784751703244359,-0.87325373493723,3.08284917572904,-0.0167444432734246,0.267439190124381,1.83146444843274,0.385963253910333
0.670425317727648,0.117932552744568,-0.817627973567579,-0.945660739363495,3.0840817970487,-0.0276013426534306,0.25966459840167,1.78697297018568,0.373461951093194
0.671706697400029,0.115838086977592,-0.852930534766677,-0.895025474219534,3.08451238210892,-0.0256353824090686,0.259078089635059,1.78958465983779,0.37335781953759
0.664664171467008,0.118601648566144,-0.875154936538984,-0.91349748292888,3.08449889766105,-0.0292572943357169,0.255984076722877,1.77470824424156,0.368647158331176
0.661901555854533,0.125573034278864,-0.857726559364007,-0.966133059173424,3.08400799785114,-0.0322010068136967,0.256416683503282,1.77061873940514,0.3680231447055
0.671875451743571,0.128287424819405,-0.837184719629511,-0.946496125697255,3.08336370890117,-0.0276544588394957,0.261634034950034,1.7949956844873,0.375432085902873
0.691326947110537,0.132916997473957,-0.778219051045389,-0.928908716655984,3.0829227080649,-0.0195902169721248,0.272621418906059,1.83863069500412,0.39003167081809
0.708080652329396,0.140058118095698,-0.718362781896172,-0.935981872201294,3.08394304272766,-0.0139022653900422,0.28349339917258,1.8721372774837,0.402868021977554
0.72574095853801,0.1461783456493,-0.668257013087264,-0.925690514754706,3.08638997207532,-0.00771329298860133,0.294880499205304,1.9037291445412,0.415723539597893
0.742120680168124,0.149101457240476,-0.644864023680774,-0.879813207594883,3.09006967778273,-0.00113236511671032,0.304728471969883,1.92960597638587,0.42657006511819
0.756310528433822,0.155857217160069,-0.606835264347033,-0.875462741015758,3.09428998975723,0.0029146736250962,0.314962872334424,1.94965244308209,0.436641051186414
0.762981557905832,0.161324630725654,-0.601738591591651,-0.863374678267066,3.09917639449808,0.00404639012614019,0.320536419864308,1.95322072120395,0.440843492878628
0.768243153961236,0.169138811240879,-0.590188928807891,-0.873547091230762,3.10403084491882,0.00382224955569078,0.326019550243956,1.95403633661549,0.444517044116231
0.774987874838688,0.178071787741839,-0.571937232840497,-0.888617770540211,3.1090955149426,0.00396655583164768,0.332632132540513,1.95739420929201,0.449352758400099
0.780867743283173,0.185258446091399,-0.564492098847766,-0.88870546151213,3.11446406057925,0.00418746498355512,0.338302665863871,1.95842390708282,0.453172738004494
0.793133366244176,0.192234124357967,-0.542809269566968,-0.874085013310891,3.12012054820588,0.00740226945689865,0.347494047731328,1.97159073484203,0.461322451106878
0.797663586098453,0.198094801146179,-0.541633963119495,-0.868757513580853,3.12590308582964,0.00708479907245722,0.352331698993852,1.96913364229136,0.463997466374803
0.804084205562791,0.204235469457628,-0.535394387516817,-0.861272895185543,3.13164549387605,0.00762803214748877,0.358240735360547,1.97051040972169,0.468014025522583
0.805713794567862,0.21034827247222,-0.539939838665513,-0.864166827618585,3.13720723723035,0.00591674225949419,0.361505789200343,1.96268898649363,0.46877477154255
0.812384961243793,0.218503908418401,-0.521827376253271,-0.877968134689216,3.14271611884682,0.00588121128731612,0.368223309052053,1.9650298778041,0.473485546365593
0.814885174904177,0.224397059736546,-0.521035937929948,-0.883234584749307,3.14837650499371,0.00437023363395614,0.372171912275086,1.95871538060599,0.474945217826193
0.819428732168145,0.226143177825737,-0.536855045622354,-0.841962486626575,3.15399520093142,0.00534141547590094,0.375778234411639,1.95656594710233,0.476878359348794
0.827329578397586,0.232864742914256,-0.51379464740899,-0.851508155699796,3.15921465277971,0.005983845591037,0.383077429643168,1.9619659742233,0.482482860512575
0.833141121888691,0.239333096467708,-0.496298500423887,-0.864286371646704,3.16479732403977,0.00552774998028932,0.389335030373433,1.96244227873486,0.486579320123865
0.847350676574026,0.240233064419,-0.497556487066192,-0.789885928176527,3.17109129597844,0.0114362766363958,0.39794912514545,1.97833603956938,0.49472571525524
0.849719677942394,0.247886363862919,-0.480116301714676,-0.823334824626275,3.17661842842347,0.00879058173662545,0.402832798153236,1.9720477144489,0.49681128674623
0.859982789988171,0.253170335590794,-0.467817413949939,-0.801513371181128,3.18286408693964,0.0112111590728129,0.410834346429439,1.98013837522789,0.503258572643294
0.863036721965351,0.258390235236909,-0.466546692079383,-0.802204466327333,3.18887965292372,0.00989900509029094,0.415127236624719,1.97424861655177,0.505012331164597
0.873508651402844,0.263966721254212,-0.447648168414238,-0.789468612604457,3.1951939224537,0.0120167863017239,0.42364051097945,1.98264026314281,0.511826080465017
0.880853831566533,0.26738182782645,-0.44592997269466,-0.763159300650085,3.20166537415003,0.0132939357228913,0.429804523150763,1.98445849806661,0.516029177516577
0.885692676455666,0.271302666505318,-0.445932003515087,-0.749158949772422,3.20786145963726,0.0131776093867297,0.434758161036115,1.9817927743718,0.518730328430925
0.890332591276706,0.277081857954493,-0.436948426986382,-0.753618077040843,3.21388565864554,0.0123442350855184,0.440190612753226,1.97905473775028,0.521740700024868
0.889559025554608,0.280660327620863,-0.449702444399893,-0.750279915832426,3.219658293696,0.00965711825573679,0.441916671400774,1.96583126692478,0.520664260623538
0.897691861692947,0.285565840293895,-0.434479064163737,-0.742724177108317,3.22549429641198,0.0107618294039876,0.449034125293321,1.97052638164047,0.525975942184416
0.898596481276281,0.286070668946088,-0.457437319362144,-0.709147689714141,3.2311365748386,0.00995390516850174,0.45067287691433,1.96089433301856,0.525426434404802
0.89658075702299,0.290145160645207,-0.461926344499433,-0.724602250846878,3.23591386431332,0.00635140883357148,0.452039203632976,1.94695292037623,0.524042473026928
0.884763164494961,0.291725233227939,-0.496851086177708,-0.743952381858784,3.24008758263832,-0.0011655398801598,0.447379316066187,1.91369442122175,0.515614855966056
0.877430988778315,0.28943407477184,-0.540035440896418,-0.720898627697995,3.24367353038423,-0.00500854276557615,0.443789891603724,1.89067937998753,0.50950316288854
0.882573873825545,0.289878574593715,-0.53413920400211,-0.703855954907581,3.24657441020436,-0.00379094050049925,0.447750109625324,1.89551498464658,0.512862528454691
0.885001923688147,0.290557471639762,-0.537188342375903,-0.690296667396045,3.24947154544348,-0.00376103643142081,0.450156425861063,1.89460442785541,0.514267924395979
0.885908822785287,0.291640635471064,-0.549013043647246,-0.675216771179809,3.2522039292956,-0.00415860934322659,0.451463445819465,1.89084135460789,0.514484228097961
0.895250955124881,0.298484023845206,-0.513749758922551,-0.689378386843194,3.25481207170383,-0.00221280929968098,0.458897915394813,1.90509357454972,0.521681127535292
0.903485645852413,0.304346211529539,-0.498228072724933,-0.683500484097074,3.25814613941286,-0.000125727859810982,0.465102629147979,1.91535723908934,0.527407676754004
0.910782910548625,0.311100971494016,-0.484356907332746,-0.682705901188589,3.26174374631054,0.00132398581514181,0.47099640778075,1.92305316145326,0.532505438908204
0.918650725507979,0.319453884069576,-0.464571936199572,-0.690895699781732,3.26560882780972,0.00259563119314885,0.477640045592863,1.93132364799601,0.538183202982505
0.917806116666478,0.326483766139284,-0.474431918164022,-0.702254229271573,3.26955632875013,0.000218490746985854,0.479089389200791,1.92144731026839,0.537476613456275
0.921110785306111,0.334899901013855,-0.466619426668832,-0.719162561084427,3.27331920711501,-0.00060295656347198,0.483190646824461,1.92051754878433,0.539979251695885
0.923385913364543,0.342947132001604,-0.461099098205599,-0.737900681025022,3.27714965953109,-0.00192362249903015,0.486749503471403,1.91731726545387,0.541749529413674
0.934405743153984,0.350205944573676,-0.438574274134869,-0.731087736488111,3.28128488391007,0.00108374080214068,0.494853202295821,1.93151847445896,0.549362017190545
0.94156226592122,0.35647695955462,-0.426513830948138,-0.727915748555597,3.28575115751421,0.00225367838108048,0.500883244234394,1.93703453395148,0.554174444222129
0.952529586898173,0.361832773266578,-0.412541849768425,-0.704543002764171,3.2905623042403,0.00558438158500948,0.508662520317944,1.94959582608613,0.561276642058935
0.955843909056995,0.36841684193313,-0.407875328629056,-0.712618875336151,3.29529223422624,0.00469170112667415,0.512830929402881,1.94671431678638,0.563482754092496
0.964719837360098,0.375722787648395,-0.392225320524226,-0.708347997118271,3.30025989455438,0.00645806246517691,0.520030581656687,1.95466447013402,0.569437924933925
0.96570387142522,0.382692224845298,-0.396540958936253,-0.717918672190845,3.30514666503761,0.00454824956568101,0.522832898243689,1.9467256825407,0.569920116265896
0.966115891659834,0.390202144000346,-0.39804582050015,-0.736456368490124,3.30979609782022,0.00218597831116352,0.525506732803999,1.93806161368739,0.570204557580684
0.971975571326934,0.396936829579476,-0.392633865212203,-0.732671813869054,3.31451308825658,0.00280264442064582,0.530775624813789,1.94040060617659,0.573987232162917
0.976103948709377,0.403594124345549,-0.389938965001205,-0.734383361653865,3.31917919892661,0.00253594032268718,0.535159975926595,1.93929792588145,0.576628732088739
0.980879836424926,0.411238490084269,-0.378105917326051,-0.748747606059293,3.32382294943921,0.00209823429645771,0.540357860188501,1.93956746965993,0.580027851848897
0.994675247345763,0.418218694782355,-0.352867202797362,-0.729971495484081,3.32903987254892,0.00627018524279474,0.550184459420288,1.95706815351616,0.589247629593965
1.00080452920953,0.424709554723312,-0.343886286025268,-0.729160181986663,3.33442311636766,0.00661990240764956,0.555988832522353,1.95859289738663,0.593221687850172
1.00829696418579,0.430566181121656,-0.335431288425042,-0.717908496315489,3.33996944944496,0.00782633483843464,0.562348344771223,1.96255682313435,0.597946486886582
1.01180730392873,0.437003903513846,-0.328206755345918,-0.729206739455427,3.34538450604942,0.00664944684001605,0.566975809185685,1.95869999200099,0.600277389264801
1.02535391183024,0.441013012059503,-0.32092874673151,-0.676632004007875,3.35139985539227,0.011639286895282,0.575843749824486,1.9739961373986,0.608442642612534
1.03472186694255,0.450502532204012,-0.293331491204701,-0.694251835347411,3.35724491631634,0.0125445013394536,0.584405445807652,1.98114138837136,0.615088185941859
1.04012763826521,0.458638712169105,-0.290090399718388,-0.694221448352818,3.36340138537888,0.0123806299506951,0.589976689598309,1.97968000362289,0.618388145092073
1.04694419294048,0.467890678531276,-0.282572860541814,-0.696216980176252,3.36957712858154,0.0127620128726322,0.59645879339755,1.98102719293256,0.622728498993568
1.05291577294829,0.480182367760756,-0.260002178431028,-0.73693923941023,3.37573423571071,0.0115051700839701,0.603631834361349,1.98070501221237,0.627255906219827
1.06212065136075,0.489224707886449,-0.251457594034779,-0.726123269134011,3.38254757071938,0.013095443455437,0.611391914411451,1.9856219518712,0.632959922992796
1.07470523206679,0.498909614743207,-0.231868463113058,-0.715077054211952,3.38968820300277,0.0159820659791931,0.621374267414179,1.99671718318186,0.641053415016849
1.08060000751582,0.507966040187614,-0.229741691523979,-0.713757020910001,3.39665566339109,0.0158222525930655,0.627437778059348,1.9946630782569,0.644533827173581
1.08542212358615,0.519946743099859,-0.212727670401484,-0.754225014622006,3.40340995416395,0.0139309882649183,0.634027468461929,1.99084447802063,0.648099416386754
1.09503557102481,0.529802482298386,-0.201078538074564,-0.748989661105704,3.41083373831462,0.0152985674493667,0.642433704053685,1.99541176654884,0.654107711895923
1.10771310754264,0.538558908336355,-0.192429417886184,-0.715517932954469,3.41866987751688,0.0187372044939871,0.652045189886128,2.0053828579011,0.661689109340896
1.10771352729276,0.551589194498621,-0.17549564677794,-0.793238029986705,3.4253997576183,0.013654775317658,0.656679053702983,1.99180237611615,0.662498830262142
1.12211859649486,0.559386077019388,-0.169827372706826,-0.738258036312391,3.4337225105642,0.0182642459353232,0.66697088468611,2.00438324427934,0.670867995548445
1.11950373785225,0.568493577307199,-0.174871471416218,-0.780529415275751,3.44039541490495,0.013169295162988,0.668948974131762,1.9854474495882,0.669156628658581
1.12183629441007,0.575768450515283,-0.180033270325863,-0.783622942261235,3.44722470566947,0.0113212392387264,0.672961018031264,1.97620793692771,0.670227926840282
1.11493729389028,0.581203492995978,-0.199898131029433,-0.815600530872501,3.45297326048258,0.00504739209941323,0.671773804729548,1.94970782794895,0.665370053367527
1.11758150883694,0.582790387122078,-0.22118456276448,-0.766034094253094,3.45886732826648,0.00512939197672,0.6743341715372,1.94281543940387,0.665892345107681
1.11000977593458,0.585676053966354,-0.243976219971605,-0.788168253575447,3.46334294564845,-0.000717890888412811,0.67217418001313,1.91699788427932,0.660544866992777
1.10922642872256,0.589144433426454,-0.246980237402058,-0.802046761838013,3.46767699520331,-0.00341997368987956,0.673921916699574,1.90591524164008,0.659975884831095
1.11407232464562,0.58891556918374,-0.262219162786106,-0.743672532819628,3.47219801922372,-0.00170607493043354,0.677164642890759,1.90661921687219,0.662145762209441
1.11672241495126,0.592021285355251,-0.259694087345424,-0.742548891536763,3.47610898897238,-0.00238431307076631,0.680452817709443,1.90390027906848,0.663861377005858
1.11734716093761,0.595627651558519,-0.264470820355294,-0.744539190740605,3.47987069204562,-0.00389237322061864,0.682502020115674,1.89709730990178,0.664146970906414
1.11519521974667,0.599601871542298,-0.276069092262341,-0.755002241246693,3.4832959634461,-0.00663904093634271,0.682963610815616,1.88494580925869,0.662580582334327
1.11710685522375,0.604777515882096,-0.273656717569128,-0.766660268974122,3.48660524924157,-0.00767189663974754,0.68586522466324,1.88194812093657,0.664009303913753
1.12261998653065,0.610412699757096,-0.261504961187286,-0.772598585187804,3.49007660738701,-0.0071052196788906,0.690837009749711,1.88648630659898,0.667945096981116
1.13584946401391,0.616680773287784,-0.230718598388992,-0.761240660360814,3.49417604395834,-0.0030856590834006,0.700245194617762,1.90636962476449,0.677122081811528
1.14417722652016,0.621053067636501,-0.223737885596486,-0.735124886309146,3.49865971017736,-0.000780908840058777,0.706404498917687,1.91466331389187,0.682374759074809
1.14665808650752,0.626538886604614,-0.221806329999355,-0.743467398061585,3.50284910070156,-0.00180684981957224,0.70984969938233,1.91099137764953,0.684036486210213
1.15124812286352,0.632742116962578,-0.21564040572253,-0.747929039153543,3.50711316517455,-0.00183833393447245,0.714469076279349,1.91170102029816,0.687134042794672
1.15760223897051,0.64020403750802,-0.201027505643821,-0.760279068398708,3.51153083097099,-0.00140524669065916,0.720414525457681,1.91587078054993,0.691626414908774
1.16470175976869,0.647927122312929,-0.184513699648458,-0.772441323188884,3.51624510599515,-0.000759768057604458,0.726907450599048,1.92098488739167,0.69661047579841
1.17271096173207,0.653521072259003,-0.182228443999355,-0.744375673409731,3.52131392655488,0.00129632347401743,0.732996319263133,1.92726597894323,0.701484019589363
1.17466097987811,0.661819852952596,-0.172014268652094,-0.783593693420497,3.52591444450135,-0.000929795168822937,0.737024807110853,1.92158889499585,0.703216632694909
1.17952865498039,0.669307262946026,-0.160103085037327,-0.803183802806886,3.53084563450684,-0.00150211086298113,0.742426349366801,1.92144165936007,0.706675469293896
1.18216795254905,0.67327033937387,-0.168207354148152,-0.786096549341057,3.53580440492859,-0.00205685196274013,0.745586446779375,1.91644336673151,0.707919117647989
1.19267672162356,0.67813291018676,-0.151190115954057,-0.763544778346396,3.54096266412609,0.000708999636731553,0.753511616566494,1.92791218717851,0.714779632901147
1.19244738382494,0.681574295957136,-0.159839702819009,-0.763853449836164,3.54569452735343,-0.00150186233182834,0.755345485032346,1.9172548267017,0.714309287731515
1.19116526172149,0.685068947628024,-0.165238196543532,-0.778022577671005,3.55005336942131,-0.00441964709397957,0.756805830608929,1.90506485875891,0.713374013605267
1.19700273377964,0.686551606446206,-0.168106288637284,-0.738010034583997,3.55461840852085,-0.00297181160743279,0.761283577975496,1.907819318688,0.71667083639459
1.19731811574043,0.688969332563554,-0.170779454937721,-0.741171141920532,3.55867452324765,-0.00485908130815534,0.76338185717109,1.89971630381365,0.716779847799651
1.20077853960666,0.690549756509064,-0.172876851823364,-0.720210771510444,3.5627590124952,-0.00477336414500905,0.766766126331456,1.89837607459813,0.718754952470633
1.20392126601416,0.692201711457347,-0.174950134564092,-0.70208156102131,3.56667983720339,-0.00483681459542536,0.769974122768966,1.89670834228497,0.720569380334989
1.20763876123007,0.694647049108414,-0.172136569242071,-0.691729315366927,3.57049203830476,-0.00483914109863238,0.773697035714316,1.89653400245603,0.722954415282021
1.20085582704303,0.696800632998964,-0.188095456827369,-0.719278238351027,3.57376187689741,-0.0100713547357206,0.771926028233851,1.87460429273237,0.718412172207933
1.2043139752382,0.697511650395296,-0.185101097376449,-0.703798743419666,3.57709915034628,-0.00993912267563009,0.775268140340418,1.87495072445708,0.720631691391254
1.19660265538615,0.694470270933973,-0.214612320388217,-0.694439280023597,3.58000835113525,-0.0144673840480547,0.771997689292648,1.85159898433889,0.714838994600881
1.17205588850926,0.68475572352843,-0.315281974766966,-0.662127149664966,3.58210408920081,-0.0247733106398204,0.757911970103688,1.79175098772862,0.696133660993721
1.15823457345056,0.675218133335301,-0.385100236965673,-0.617181497038781,3.58263954370162,-0.029682378634001,0.749380423020319,1.75937311463896,0.685234565626933
1.1540603512675,0.669261935419307,-0.407988373175867,-0.591926788966707,3.58187467362317,-0.0308043326958926,0.746577611524728,1.75259129667209,0.682105189701874
1.15518262741028,0.66895621663579,-0.381025250438724,-0.617587286447568,3.58062039989205,-0.0312060630880515,0.748204406525083,1.75929414117604,0.684069891496672
1.16354761867201,0.66556977903535,-0.371179032715128,-0.569601472255387,3.57971742357731,-0.0265914175869466,0.751863666111599,1.78139466144876,0.689933388168589
1.1659947338092,0.664977510147856,-0.362534110650903,-0.564303506317238,3.57916158236545,-0.0256925785030768,0.753468831594256,1.7890202308129,0.692093104577587
1.17321075938158,0.666045437942676,-0.338041688478899,-0.557455559137847,3.57867282814337,-0.0228756159333313,0.757804943959473,1.80687772368031,0.697794538460373
1.17846778249681,0.667252115624634,-0.330571263951494,-0.541278331833742,3.5787201852946,-0.0206517063389279,0.7608229730708,1.81890154067326,0.701684466713449
1.18125607936064,0.671355606940093,-0.31937182473089,-0.553435848998509,3.5789682790886,-0.020310623504848,0.763305150752994,1.8249697560392,0.704228977222335
1.17641327961772,0.677278413033651,-0.323543246769644,-0.596694090587138,3.57965489435927,-0.02397658009117,0.76235762691005,1.81357494372005,0.701509052297913
1.18065210609531,0.681557230970803,-0.31750749941274,-0.594964837613338,3.57999633248862,-0.0226045527861679,0.765218796798754,1.82252922386447,0.704800006705466
1.17788957012113,0.687755474570238,-0.312386317922163,-0.641373082288636,3.58070837956524,-0.0254878065557534,0.765554060964436,1.81563533862203,0.703658902935817
1.18649799701365,0.690216227286176,-0.300347523494164,-0.614553245793616,3.58108896062385,-0.0217746677638393,0.77029741356178,1.83363893932049,0.709807744856541
1.19225473740356,0.694622778047837,-0.277462266012773,-0.627652469066044,3.58181994866823,-0.0204694561944035,0.77470345153863,1.8446195536195,0.714519941826826
1.19409874390708,0.697040975368433,-0.280083531164768,-0.621648481519867,3.58315036970903,-0.0203275398834915,0.776459755167246,1.84603602209154,0.715807845607595
1.19291908426129,0.698756049227744,-0.295303839323178,-0.614084953580872,3.58453162936753,-0.0213161795709829,0.776411385332987,1.84106454112287,0.71475416689307
1.19145944505635,0.70294624718836,-0.290825346354064,-0.645231095276236,3.5856172107046,-0.0234121913464829,0.777237232283515,1.83618906478452,0.714258224626657
1.19864354857085,0.70498984610062,-0.277872640807102,-0.626616294886247,3.58636491134399,-0.0207007314475598,0.781578587760617,1.84988395039157,0.719464372160845
1.19869144310638,0.707419542881459,-0.281573611001939,-0.630303023693963,3.58771549448204,-0.0215442480165702,0.78259300388258,1.84755223497555,0.719561454909896
1.20455275278893,0.709276372132827,-0.275477126625484,-0.609656909336154,3.58867174390032,-0.019347664325161,0.786163495640482,1.85790641134864,0.72368057783429
1.21062029127306,0.713103262322651,-0.262313659537722,-0.605168049390787,3.58972723092711,-0.0175269841624431,0.790324934235571,1.86834073042483,0.728218559242885
1.20457027413558,0.720377386060478,-0.263655359694725,-0.669667863492959,3.59168711174729,-0.0224793041115357,0.789617340133586,1.85243857699296,0.724631205431427
1.21482765505428,0.724269691475545,-0.241732164033648,-0.651577249155457,3.59267679532586,-0.0186852330625166,0.79581981816078,1.87136223464131,0.732126402124573
1.22434248587798,0.728016975835043,-0.221843316253145,-0.635033158721552,3.59418477548362,-0.0153940559293321,0.801843509585508,1.88746980433929,0.739005449629178
1.22685266990686,0.733539524743594,-0.207099149354878,-0.663391775652251,3.59644486196928,-0.0162445220487347,0.80526497925539,1.88810340007778,0.741262602208993
1.23331100383131,0.735509371495281,-0.206506684339892,-0.62996462513356,3.59878581798314,-0.0139689356678579,0.809340502246499,1.89631257920209,0.74541129215601
1.23700737949475,0.738927445825399,-0.203192074747579,-0.62459659688996,3.6012233544187,-0.013530959118705,0.812595692215861,1.8988799514234,0.747946869070739
1.23856651128083,0.744015471352293,-0.19748068446496,-0.643407310513853,3.60378988268185,-0.0145822211764849,0.815287622781017,1.89701526968062,0.749259828566976
1.23801278841104,0.748106244698006,-0.207724648320427,-0.647547227611334,3.60655503152453,-0.0160808679675912,0.816374043101839,1.89064303614751,0.748655760874059
1.24145098986296,0.753066356271552,-0.199495037474891,-0.657808178396301,3.60881717953404,-0.0160650247095249,0.819813999564796,1.89306387902661,0.751270293198358
1.24235608856316,0.757546620554412,-0.202728914071846,-0.665087376031405,3.61136751203591,-0.0170135544410866,0.821773225400383,1.88998344925009,0.751853155106852
1.24718415944132,0.762134650951266,-0.19288175763556,-0.667277709718379,3.61355106230208,-0.0162393272822146,0.825786184568035,1.89524051121158,0.755397326223689
1.2505326669402,0.766425916289628,-0.190741300950948,-0.665930028487326,3.61599662682767,-0.0160139138223186,0.82891916308138,1.89709403609758,0.757711005640315
1.25325901526024,0.772046850396158,-0.179514252107661,-0.689416041755631,3.61847754471168,-0.0166668780436548,0.832360588386056,1.89767311055683,0.759967412955801
1.25676060711743,0.776039971174937,-0.175504411510236,-0.688885496357426,3.62110386283753,-0.0164902195490824,0.835694997742398,1.89944962368948,0.762402700840965
1.26259227046244,0.778684612194452,-0.17141789133807,-0.66650898932314,3.62360690119457,-0.0148770835824376,0.839811351440373,1.9059079661743,0.766284377880717
1.2718324129848,0.782857450591097,-0.14628874838177,-0.662112472800931,3.62593671866282,-0.0123821034726824,0.84636582848709,1.91911785012127,0.773093455879004
1.27801428872652,0.787214491082882,-0.130477267523605,-0.66444098802162,3.62897955019192,-0.011439983488602,0.851539890272596,1.92508582148936,0.777583710672275
1.28143894523151,0.790338435785227,-0.128945402908146,-0.656517124997291,3.63247816677937,-0.0114491452886076,0.854987358408872,1.92496885001998,0.779754834793657
1.28583952842245,0.792355714501177,-0.129216877216772,-0.634260777521125,3.63587420103356,-0.0107136461378649,0.858618788031978,1.92688300475005,0.78245351934834
1.28547892707409,0.795209327006231,-0.134046192111473,-0.640658568507169,3.63948076717176,-0.0125791658966007,0.860277712568465,1.91943886133928,0.781987983510052
1.28916316038845,0.796171243827754,-0.140477564031692,-0.609231783060243,3.64264591557561,-0.0118122351244119,0.863166267675039,1.92045334493544,0.78401815880007
1.29572643386756,0.799720577550688,-0.119467713457703,-0.613712650352866,3.6454071124735,-0.0107584583048237,0.868594783556438,1.92762739136644,0.788918483332029
1.30532213949148,0.802274595365842,-0.0996052916919798,-0.59226400459558,3.648410379482,-0.00796386148989908,0.875203074110205,1.93994615236086,0.795641675949042
1.31005781729392,0.804436663073223,-0.095939555581761,-0.575484631975578,3.65209884234259,-0.00734812684722638,0.87929071398156,1.94189667066983,0.79865553329584
1.29470296963574,0.805360538867969,-0.158385369853399,-0.581806504161359,3.65715713626449,-0.0153063043492986,0.872589907805086,1.90368829187117,0.786531636418297
1.21087012959645,0.807330475477765,-0.512272880419751,-0.662896441379332,3.6712300574164,-0.0518612155740857,0.832423808331267,1.71052701446583,0.720069881505426
1.28395122396187,0.807901738113353,-0.203334559716491,-0.594791566365575,3.65653765383432,-0.0200577784757669,0.86733280948566,1.88518789505244,0.778769556930437
1.29259629495229,0.815982445553409,-0.169246012734112,-0.62262693591496,3.65734113304036,-0.0180206231874138,0.873687313520128,1.90005863641187,0.785826666508097
1.30370138307488,0.825274406709106,-0.130093602263202,-0.649354150492754,3.65864993901748,-0.0151449196156634,0.881572575561669,1.91831386197811,0.794634998748723
1.31707774010352,0.836753469542322,-0.0682419335142772,-0.714157135334064,3.66066260503474,-0.0125191093474482,0.891999295108554,1.93917596513453,0.805657393152762
1.3234555528214,0.841041244511482,-0.0706511765978552,-0.681589545443982,3.66466777095141,-0.0109315234918563,0.896660402726236,1.94349796238218,0.80956991454963
1.33852017035086,0.84303685935578,-0.0555290003861215,-0.608807112821458,3.66791409899735,-0.00491686675685602,0.905239623657554,1.9648821139515,0.819582489239912
1.33173653217856,0.850335287365539,-0.0646885931288055,-0.673689240525964,3.67300744642459,-0.0109468551652035,0.904965961793866,1.94339329814957,0.814883998909383
1.32849742044705,0.854943888487433,-0.0783368095588339,-0.694205844706349,3.67759185080145,-0.0144047666910675,0.905533264104175,1.9291355931319,0.81222271391413
1.3332124426061,0.856238340197276,-0.0814264175810058,-0.659478811203481,3.68108965886554,-0.0133731774085047,0.909139496653679,1.93137476065426,0.81499371283866
1.3376704869324,0.856297048095642,-0.0906450550422528,-0.611771263421074,3.68445736751998,-0.0120798123511665,0.912210985445235,1.93337833325004,0.817370604153639
1.34133123797494,0.860451287897882,-0.0728461132381781,-0.634577087316441,3.6876061901492,-0.012682303040081,0.916529909169957,1.9343276921996,0.82029254343627
1.34453692023958,0.863059040110372,-0.0685635427043041,-0.630595618184743,3.69113269274041,-0.0129344113243439,0.920025203372786,1.93375804468999,0.822383759807356
1.35450323799144,0.863111419812123,-0.0602399186217015,-0.574880592296105,3.69409064317224,-0.00927553136897132,0.92599337455,1.94645238324973,0.828908433160386
1.36066178075107,0.86565435854313,-0.047941966860616,-0.563834812652995,3.69750850886075,-0.00823028533527196,0.931014428176692,1.95138755689419,0.833164136146932
